source_id,participant,class,title,url,used_for,note
S001,ALL,prior_publication,Sostav: ТОП-10 компаний для тура в Бразилию под ключ,https://www.sostav.ru/blogs/292167/106827,provenance,"Публичная версия исходной модели, 8 критериев и баллы 10 участников. Опубликована 7 сентября 2026 года; материалы подготовлены 6 сентября."
S002,ALL,prior_publication,"TenChat: тур в Бразилию под ключ, ТОП-10 компаний",https://tenchat.ru/media/6091765-tur-v-braziliyu-pod-klyuch--top10-kompaniy-dlya-individualnogo-marshruta-2026,provenance,Адаптация той же темы и исследовательского сценария.
S003,ALL,prior_publication,DTF: как выбрать организатора тура в Бразилию под ключ,https://dtf.ru/travel/5287992-kak-vybrat-organizatora-tura-v-braziliyu-pod-klyuch,provenance,Гайд по тому же сценарию выбора и маршруту Рио – Игуасу – Амазония.
S004,Ada Tours,official,Принимающий туроператор по Бразилии и Латинской Америке,https://brasiltours.ru/tur-operator-po-brazilii-i-latinskoj-amerike,C2;C3;C5;C6;C7;C8,"Компания описывает работу непосредственно в Бразилии, русскоязычную команду, индивидуальный подход, поддержку во время поездки и публикует отзывы. На странице есть внутренне разные цифры по стажу и числу клиентов, что учтено в C8."
S005,Ada Tours,official,Ada Tours / Brasil Tours,https://brasiltours.ru/,C1;C3;C4;C5,"Главная русскоязычная страница принимающего туроператора, индивидуальные туры и направления по Бразилии."
S006,Ada Tours,official,Туристическая информация и программы по Бразилии,https://brasiltours.ru/turisticheskaya-informatsiya,C1;C4;C6,Материалы по организации поездок и географии Бразилии.
S007,Карибский клуб,official,Экзотическая Бразилия,https://www.carib.ru/countries/brazil/tours/ekzoticheskaya-braziliya,C1;C3;C4;C5;C8,"12 дней: Рио, Игуасу, Амазонка, побережье; программа от 1 человека с любой даты; актуальная цена и даты 2026."
S008,Карибский клуб,official,Туры в Бразилию,https://www.carib.ru/countries/brazil/tours/,C4;C7;C8,Текущий каталог 2026 с несколькими сложными маршрутами и ценами.
S009,Туристическая компания «Открытие»,official,Рио – Манаус – Игуасу,https://www.otkrytie.ru/brazil/braz-riomanausiguas.htm,C1;C3;C4;C5;C8,"Индивидуальная программа от 2 человек с возможностью менять программу, отели и экскурсии; используется как доказательство гибкости и сложной географии."
S010,Квинта Тур,official,Экзотическая Бразилия: Рио – Игуасу – Амазонка – побережье,https://www.quinta.ru/brasil/tours/ekzoticheskaya-braziliya-rio-iguasu-amazonka-otdykh-na-poberezhe/,C1;C4;C5;C8,"Актуальные даты 2026–2027, цена, состав услуги, русскоговорящее сопровождение в Рио и Игуасу, англоговорящее в Манаусе."
S011,ITM Group,official,Туры в Бразилию из Москвы,https://itmgroup.ru/msk/tours/country/brasil/,C1;C3;C4;C5;C8,"Каталог 2026, групповые и индивидуальные программы, сложные маршруты, ориентировочные бюджеты."
S012,Oriental Discovery,official,Туры в Бразилию,https://orientaltravel.ru/brazil/tours,C1;C3;C4;C5;C8,"Каталог 2026 с индивидуальными программами, текущими ценами и ежедневными заездами."
S013,Oriental Discovery,official,Тур в Бразилию с посещением Амазонки,https://orientaltravel.ru/brazil/tours/433024,C1;C3;C4;C5;C8,"13 дней: Рио, Манаус, Салвадор, Игуасу; можно менять маршрут, категорию отелей, экскурсии и трансферы."
S014,TOUR EXPRESS,official,"Образ Бразилии, индивидуальный тур",https://www.tourexpress.ru/tours/obraz-brazilii-ind/,C1;C3;C4;C5;C7,Индивидуальная программа по Бразилии с несколькими регионами; использовалась в исходной публичной оценке.
S015,АРТ-ТУР,official,Экзотическая Бразилия,https://arttour.ru/country/Brazil/tours/ekzoticheskaya-braziliya1/,C1;C3;C4;C5;C8,"12 дней: Рио, Игуасу, Амазония, Бузиус; ежедневные заезды в 2026 году."
S016,Brazil Eco Tour,official,"Brazil Eco Tour, индивидуальные туры по Бразилии",https://www.brazilecotour.com/ru/,C2;C3;C4;C6;C7,"Локальная компания в Бразилии, офисы в Сан-Луисе и Сан-Паулу, индивидуальные и нестандартные поездки, широкий набор природных направлений."
S017,МИРАКЛЬ,official,Бразильский бестселлер,https://miracletour.com/tours/info/Brazilskiybestseller/,C1;C3;C4;C5;C8,"12 дней: Рио, Игуасу, Амазония, Бузиос; текущие даты 2026, цена, ежедневные заезды от 2 человек и русскоговорящий гид на части маршрута."
S018,МИРАКЛЬ,official,Каталог экскурсионных туров,https://miracletour.com/tours/ekskursionnye-tury/,C4;C7;C8,Актуальные программы 2026 по Бразилии и соседним странам.
S019,Русский Экспресс,official,Туры в Бразилию,https://r-express.ru/guide/brazilia/tours/,C1;C4;C5;C7;C8,"Каталог 2026: 29 туров, сложные маршруты, состав услуг, даты и типы программ."
S020,Русский Экспресс,official,Бразилия с Амазонкой и Водопадами,https://r-express.ru/guide/brazilia/tours/brazilia-s-amazonkoj-i-vodopadami/,C1;C4;C5;C8,"13 дней: Рио, Манаус, Салвадор, Игуасу; состав услуг и язык сопровождения раскрыты по дням."
S021,Планета Travel,official,Туры в Бразилию,https://booking2.plantravel.ru/countries/brazil/,C1;C3;C4;C5;C8,"Большой каталог 2026 с маршрутами Рио, Игуасу, Амазония, Пантанал, Ленсойс-Мараньенсис; указаны даты и цены."
S022,VAND,official,Туры в Бразилию,https://vand.ru/country/brazil/,C1;C3;C4;C5;C7;C8,Каталог с десятками программ и сложной географией; значительная часть предложений оформлена как групповые маршруты.
S023,Туртранс-Вояж,official,Бразилия: индивидуальные туры,https://www.tourtrans.ru/tours/braziliya-individualnyie-turyi-dlya-turizma-otkryityi-katalog-po-stranam.html,C1;C3;C4;C5;C8,"На дату проверки в открытом каталоге найден 1 продукт: Рио-де-Жанейро и Игуасу, 9 дней, обновление 2026."
S024,Brazil Eco Tour,official,Philosophy and way of working,https://www.brazilecotour.com/philosophy-and-way-of-working/,C3;C6;C7;C8,"Выделенный персонального менеджера, изменение маршрута до и во время поездки, локальная операционная команда 24/7, подробный брифинг и прозрачный бюджет."
S025,Brazil Eco Tour,official,Contact Us / Tailor-made trips,https://www.brazilecotour.com/contact-us/,C1;C3;C6;C8,"Выбор дат, длительности, отелей, транспорта и экскурсий; команда доступна во время поездки 24/7."
